{
    "R0": 0.09412895517693948,
    "R1": 0.028816599328086688,
    "tau1": 9.999947784401524,
    "R2": 0.023558804291452285,
    "tau2": 500.00000367997893,
    "OCV_poly_coeffs": [
        -0.0248005023867225,
        -0.0021029042174831613,
        0.08893275700925718,
        -0.07916400377193081,
        -0.10793184709166902,
        0.5252528745474541,
        4.158493980992859
    ]
}